{
    "axiom.buildertool.clone": "Клониране",
    "axiom.buildertool.clone.finish": "Готово",
    "axiom.buildertool.cancel": "Отказ",
    "axiom.buildertool.clone.scroll": "Превърти за клониране",
    "axiom.buildertool.confirm": "Потвърди",
    "axiom.buildertool.erase": "Изтриване",
    "axiom.buildertool.erase.delete": "Изтрий",
    "axiom.buildertool.erase.erase_box": "Изтрий куб",
    "axiom.buildertool.erase.erase_connected": "Изтрий свързаните",
    "axiom.buildertool.first_point": "Първа точка",
    "axiom.buildertool.move": "Преместване",
    "axiom.buildertool.scroll_extend": "Кликни за разширение",
    "axiom.buildertool.move.scroll": "Превърти за преместване",
    "axiom.buildertool.second_point": "Втора точка",
    "axiom.buildertool.smear": "Намазване",
    "axiom.buildertool.stack": "Трупане",
    "axiom.buildertool.smear.scroll": "Превърти за намазване",
    "axiom.buildertool.stack.scroll": "Превърти за трупане",
    "axiom.capability.bulldozer.title": "Булдозер",
    "axiom.capability.bulldozer.description": "Задръжте %s за да чупите блокове много бързо",
    "axiom.capability.fast_place.description": "Поставяне на блокове много бързо и по контролиран начин",
    "axiom.capability.fast_place.title": "Бързо поставяне",
    "axiom.capability.force_place.description": "Игнориране на ограниченията за поставяне на блокове",
    "axiom.capability.force_place.title": "Принудително поставяне",
    "axiom.capability.infinite_reach.description": "Премахване на лимита на обхват",
    "axiom.capability.infinite_reach.title": "Безкраен обхват",
    "axiom.capability.no_updates.description": "Спиране на обновяване на съседните блокове при поставяне/чупене",
    "axiom.capability.no_updates.title": "Без блокови подновявания",
    "axiom.capability.replace_mode.description": "Десен бутон за замяна със задържан блок",
    "axiom.capability.replace_mode.title": "Заменяващ режим",
    "axiom.capability.tinker.description": "Всякакви полезни интеракции при десен клик с ръката",
    "axiom.capability.tinker.title": "Тинкър",
    "axiom.contextmenu.flight_momentum": "Полетна инерция: %s%%",
    "axiom.contextmenu.infinite_reach_limit": "Лимит на безкраен обхват: %s блокове",
    "axiom.contextmenu.infinite_reach_limit_none": "Лимит на безкраен обхват: ∞",
    "axiom.contextmenu.liquid_opacity": "Непрозрачност на течности: %s%%",
    "axiom.contextmenu.min_brightness": "Минимална яркост: %s%%",
    "axiom.editorui.hold_for_more_options": "Задръжте %s за повече опции",
    "axiom.editorui.mainmenu.create": "Създаване",
    "axiom.editorui.mainmenu.create.cone": "Конус...",
    "axiom.editorui.mainmenu.create.cylinder": "Цилиндър...",
    "axiom.editorui.mainmenu.create.sphere": "Сфера...",
    "axiom.editorui.mainmenu.edit": "Редактиране",
    "axiom.editorui.left_mouse_short": "Ляв бутон",
    "axiom.editorui.mainmenu.create.cuboid": "Кубоид...",
    "axiom.editorui.mainmenu.create.pyramid": "Пирамида...",
    "axiom.editorui.mainmenu.edit.copy": "Копирай",
    "axiom.editorui.mainmenu.edit.cut": "Изрежи",
    "axiom.editorui.mainmenu.edit.redo": "Върни",
    "axiom.editorui.mainmenu.edit.redo_named": "Върни %s",
    "axiom.editorui.mainmenu.edit.undo_named": "Отмени %s",
    "axiom.editorui.mainmenu.help": "Помощ",
    "axiom.editorui.mainmenu.edit.undo": "Отмени",
    "axiom.editorui.mainmenu.help.discord_server": "Discord Сървър...",
    "axiom.editorui.mainmenu.help.documentation": "Документация...",
    "axiom.editorui.mainmenu.help.keybinds": "Клавишни комбинации...",
    "axiom.editorui.mainmenu.help.style_editor": "Редактор на теми...",
    "axiom.editorui.mainmenu.operations": "Операции",
    "axiom.editorui.mainmenu.operations.analyze": "Анализ...",
    "axiom.editorui.mainmenu.operations.drain": "Изцеди",
    "axiom.editorui.mainmenu.operations.fill_bottom": "Запълване на дъното...",
    "axiom.editorui.mainmenu.operations.fill_category": "Запълване",
    "axiom.editorui.mainmenu.operations.fill_description": "Запълване на селекцията с блок",
    "axiom.editorui.mainmenu.operations.fill_nearest": "Запълни с най-близкия блок",
    "axiom.editorui.mainmenu.operations.fill_nearest_description": "Замяна на въздуха с най-близкия невъздушен блок",
    "axiom.editorui.mainmenu.operations.fill_outline": "Запълване на очертание...",
    "axiom.editorui.mainmenu.operations.fill_top": "Запълване на върха...",
    "axiom.editorui.mainmenu.operations.fill_walls": "Запълване на стените...",
    "axiom.editorui.mainmenu.operations.replace": "Замяна...",
    "axiom.editorui.mainmenu.operations.fill": "Запълване...",
    "axiom.editorui.mainmenu.operations.fill_bottom_description": "Запълване на долните ръбове на селекцията с блок",
    "axiom.editorui.mainmenu.operations.fill_outline_description": "Запълване на всички ръбове на селекцията с блок",
    "axiom.editorui.mainmenu.operations.fill_top_description": "Запълване на горните ръбове на селекцията с блок",
    "axiom.editorui.mainmenu.operations.fill_walls_description": "Запълване на хоризонталните ръбове на селекцията с блок",
    "axiom.editorui.mainmenu.operations.gravity": "Гравитация",
    "axiom.editorui.mainmenu.help.reset_tutorial": "Възстановяване на уроци",
    "axiom.editorui.mainmenu.operations.set_biome": "Промяна на природна зона...",
    "axiom.editorui.mainmenu.select": "Селекция",
    "axiom.editorui.mainmenu.operations.simulation_category": "Симулация",
    "axiom.editorui.mainmenu.operations.waterlog": "Напълни с вода",
    "axiom.editorui.mainmenu.select.clear": "Изчисти",
    "axiom.editorui.mainmenu.select.mask": "Маскиране...",
    "axiom.editorui.mainmenu.select.shrink": "Свиване...",
    "axiom.editorui.mainmenu.select.smooth": "Изглаждане...",
    "axiom.editorui.mainmenu.select.distort": "Изкривяване...",
    "axiom.editorui.mainmenu.select.expand": "Разширяване...",
    "axiom.editorui.mainmenu.toolmasks.clear": "Изчисти",
    "axiom.editorui.mainmenu.toolmasks": "Маски за инструменти",
    "axiom.editorui.mainmenu.toolmasks.edit": "Редактиране...",
    "axiom.editorui.mainmenu.view.min_brightness": "Минимална яркост",
    "axiom.editorui.mainmenu.view": "Изглед",
    "axiom.editorui.mainmenu.view.liquid_opacity": "Непрозрачност на течности",
    "axiom.editorui.mainmenu.view.show_key_presses": "Покажи натиснати клавиши",
    "axiom.editorui.mainmenu.view.show_biomes": "Покажи природни зони",
    "axiom.editorui.mainmenu.view.show_selection": "Покажи селекцията",
    "axiom.editorui.mainmenu.view.ui_scale": "Мащаб на интерфейса",
    "axiom.editorui.mainmenu.window": "Прозорец",
    "axiom.editorui.mainmenu.window.windows": "Прозореци",
    "axiom.editorui.middle_mouse_short": "Среден бутон",
    "axiom.editorui.multiple_keybinds": "Няколко",
    "axiom.editorui.no_keybind": "Нищо",
    "axiom.editorui.pin_world": "Закачи света",
    "axiom.editorui.right_mouse_short": "Десен бутон",
    "axiom.editorui.pin_location": "Закачи локация",
    "axiom.editorui.spectators_generate_chunks_warning": "Внимание: Правилото spectatorsGenerateChunks е зададено на false; това ще доведе до сериозни проблеми с интерфейса на редактора. Моля, задайте правилото на true",
    "axiom.editorui.styles.imgui_light": "ImGui Светло",
    "axiom.editorui.view.create_new": "Нов изглед",
    "axiom.editorui.view.main_name": "Основен",
    "axiom.editorui.window.active_block": "Активен блок",
    "axiom.editorui.styles.imgui_dark": "ImGui Тъмно",
    "axiom.editorui.view.new_view_name": "Нов изглед",
    "axiom.editorui.window.active_block.edit_properties_below": "*Редактирайте свойствата по-долу",
    "axiom.editorui.window.analyze": "Анализ",
    "axiom.editorui.window.analyze.block_count": "Брой",
    "axiom.editorui.window.block_distribution_total": "Общо",
    "axiom.editorui.window.analyze.block_distribution": "Дистрибуция",
    "axiom.editorui.window.analyze.block_type": "Блок",
    "axiom.editorui.window.analyze.clear_information": "Изчисти",
    "axiom.editorui.window.analyze.do_analyze": "Анализирай",
    "axiom.editorui.window.blueprint_browser.add_folder": "Добави папка",
    "axiom.editorui.window.blueprint_browser.close": "Затвори",
    "axiom.editorui.window.blueprint_browser.automatically_refresh": "Автоматично подновяване",
    "axiom.editorui.window.blueprint_browser.confirm": "Потвърди",
    "axiom.editorui.window.blueprint_browser.delete": "Изтрий",
    "axiom.editorui.window.blueprint_browser.disable_auto_refresh": "Деактивирай автоматично подновяване",
    "axiom.editorui.window.blueprint_browser.file_browser_other": "системния файлов мениджър",
    "axiom.editorui.window.blueprint_browser.file_browser_win": "системния файлов мениджър",
    "axiom.editorui.window.blueprint_browser.file_missing": "Няма такъв файл!",
    "axiom.editorui.window.blueprint_browser.file_missing_message1": "Файлът '%s' вече не съществува!",
    "axiom.editorui.window.blueprint_browser.move_file": "Премести",
    "axiom.editorui.window.blueprint_browser.file_missing_message2": "Преместихте/изтрихте ли го през %s?",
    "axiom.editorui.window.blueprint_browser.move_file_already_exists": "Файлът '%s' вече съществува в папката",
    "axiom.editorui.window.blueprint_browser.move_file_overwrite": "Презапиши",
    "axiom.editorui.window.blueprint_browser.new_folder": "Нова папка",
    "axiom.editorui.window.blueprint_browser.new_folder_i": "Нова папка (%s)",
    "axiom.editorui.window.blueprint_browser.overflow_files": "Претоварване!",
    "axiom.editorui.window.blueprint_browser.overflow_files_message": "Открито е голямо количество файлови промени",
    "axiom.editorui.window.blueprint_browser.reload": "Обнови",
    "axiom.editorui.window.blueprint_browser.rename_file": "Преименувай файла",
    "axiom.editorui.window.blueprint_browser.sort_by": "Сортиране по",
    "axiom.editorui.window.blueprint_browser.sort_by.ascending": "Възходящо",
    "axiom.editorui.window.blueprint_browser.sort_by.block_count": "Брой блокове",
    "axiom.editorui.window.blueprint_browser.unnamed_blueprint": "Без име",
    "axiom.editorui.window.clipboard": "Клипборд",
    "axiom.editorui.window.clipboard.clear": "Изчисти",
    "axiom.editorui.window.clipboard.n_blocks": "%s блокове",
    "axiom.editorui.window.clipboard.placement_options.keep_existing": "Запази съществуващите",
    "axiom.editorui.window.blueprint_browser.sort_by.descending": "Низходящо",
    "axiom.editorui.window.blueprint_browser.sort_by.name": "Име",
    "axiom.editorui.window.clipboard.copy_hint": "%s за да копирате селекцията в клипборда",
    "axiom.editorui.window.clipboard.empty": "Празен",
    "axiom.editorui.window.clipboard.placement_options": "Опции за поставяне",
    "axiom.editorui.window.clipboard.placement_options.paste_air": "Постави въздух",
    "axiom.editorui.window.clipboard.placement_options.rotate": "Завъртане...",
    "axiom.editorui.window.create_blueprint.angle": "Ъгъл",
    "axiom.editorui.window.create_blueprint.author": "Автор",
    "axiom.editorui.window.create_blueprint.name": "Име",
    "axiom.editorui.window.create_blueprint.save": "Запази",
    "axiom.editorui.window.create_shape": "Създаване на фигура",
    "axiom.editorui.window.create_shape.cone": "Конус",
    "axiom.editorui.window.create_shape.cuboid": "Кубоид",
    "axiom.editorui.window.create_shape.cylinder": "Цилиндър",
    "axiom.editorui.window.create_shape.advanced": "Разширени опции",
    "axiom.editorui.window.create_shape.copied": "Копирано!",
    "axiom.editorui.window.create_shape.copy_to_clipboard": "Копирай в клипборда",
    "axiom.editorui.window.create_shape.do_place": "Постави",
    "axiom.editorui.window.create_shape.height": "Височина",
    "axiom.editorui.window.create_shape.pyramid": "Пирамида",
    "axiom.editorui.window.create_shape.radius": "Радиус",
    "axiom.editorui.window.create_shape.separate_xz": "Отделно XZ",
    "axiom.editorui.window.create_shape.shape": "Фигура",
    "axiom.editorui.window.create_shape.sphere": "Сфера",
    "axiom.editorui.window.create_shape.width": "Широчина",
    "axiom.editorui.window.distort_selection": "Изкривяване на селекцията",
    "axiom.editorui.window.distort_selection.distance": "Дистанция",
    "axiom.editorui.window.create_shape.separate_xyz": "Отделно XYZ",
    "axiom.editorui.window.distort_selection.do_distort": "Изкриви",
    "axiom.editorui.window.distort_selection.noise_radius": "Шумовия радиус",
    "axiom.editorui.window.expand_selection.do_expand": "Разшири",
    "axiom.editorui.window.expand_selection": "Разширяване на селекцията",
    "axiom.editorui.window.fill": "Запълване",
    "axiom.editorui.window.fill.all": "Цялото",
    "axiom.editorui.window.fill.bottom": "Дъното",
    "axiom.editorui.window.expand_selection.expand_selection_by": "Разшири селекцията по",
    "axiom.editorui.window.fill.do_fill": "Напълни",
    "axiom.editorui.window.fill.inside": "Вътре",
    "axiom.editorui.window.fill.outline": "Очертание",
    "axiom.editorui.window.fill.top": "Върха",
    "axiom.editorui.window.fill.walls": "Стените",
    "axiom.editorui.window.history": "История",
    "axiom.editorui.window.history.no_history": "Няма история",
    "axiom.editorui.window.keybinds": "Клавишни комбинации",
    "axiom.editorui.window.keybinds.conflicts_with": "Тази комбинация е в конфликт със:",
    "axiom.editorui.window.keybinds.unbind": "Изчисти",
    "axiom.editorui.window.mask_selection": "Маскиране на селекцията",
    "axiom.editorui.window.mask_selection.mask": "Маскирай",
    "axiom.editorui.window.palette": "Палитра",
    "axiom.editorui.window.palette.add_block_to": "Добавяне на блок към %s",
    "axiom.editorui.window.palette.add_new_block": "Добави нов блок",
    "axiom.editorui.window.palette.add_new_category": "Добави нова категория",
    "axiom.editorui.window.palette.after": "След %s",
    "axiom.editorui.window.palette.are_you_sure_delete": "Сигурни ли сте, че искате да изтриете '%s'?",
    "axiom.editorui.window.palette.before": "Преди %s",
    "axiom.editorui.window.palette.cannot_be_undone": "Тази операция НЕ МОЖЕ да се отмени",
    "axiom.editorui.window.palette.child_of": "Дете на %s",
    "axiom.editorui.window.palette.custom": "Свой",
    "axiom.editorui.window.palette.custom_empty": "Празен",
    "axiom.editorui.window.palette.delete": "Изтрий %s",
    "axiom.editorui.window.palette.invalid_name_blank": "Невалидно име: не може да бъде празно",
    "axiom.editorui.window.palette.invalid_name_contains_hash": "Невалидно име: не може да включва '#'",
    "axiom.editorui.window.palette.invalid_name_duplicate": "Дублирано име: %s вече съществува",
    "axiom.editorui.window.palette.recently_used": "Скорошни",
    "axiom.editorui.window.palette.remove_block": "Премахни блока",
    "axiom.editorui.window.palette.rename": "Преименувай %s",
    "axiom.editorui.window.palette.this_will_delete_children": "Това също ще изтрие всичките %s деца",
    "axiom.editorui.window.replace": "Замяна",
    "axiom.editorui.window.replace.do_replace": "Замени",
    "axiom.editorui.window.set_biome": "Промяна на природна зона",
    "axiom.editorui.window.set_biome.do_set_biome": "Промени",
    "axiom.editorui.window.set_biome.fill_vertically": "Напълни вертикално",
    "axiom.editorui.window.shrink_selection": "Свиване на селекцията",
    "axiom.editorui.window.shrink_selection.do_shrink": "Свий",
    "axiom.editorui.window.shrink_selection.shrink_selection_by": "Свий селекцията по",
    "axiom.editorui.window.smooth_selection": "Изглаждане на селекцията",
    "axiom.editorui.window.smooth_selection.stddev": "Стандартно отклонение",
    "axiom.editorui.window.style_editor": "Редактор на теми",
    "axiom.editorui.window.smooth_selection.do_smooth": "Изглади",
    "axiom.editorui.window.style_editor.base_style": "Основна тема",
    "axiom.editorui.window.style_editor.button": "Бутон",
    "axiom.editorui.window.style_editor.button_active": "Бутон (активен)",
    "axiom.editorui.window.style_editor.color": "Цвят",
    "axiom.editorui.window.style_editor.copied": "Копирано!",
    "axiom.editorui.window.style_editor.text": "Текст",
    "axiom.editorui.window.style_editor.text_category": "Текст",
    "axiom.editorui.window.target_info.distance": "Дистанция: %s",
    "axiom.editorui.window.target_info.position": "Позиция: %s, %s, %s",
    "axiom.editorui.window.target_info.targeted_biome": "Насочена природна зона:",
    "axiom.editorui.window.tool_masks": "Маски за инструменти",
    "axiom.editorui.window.tool_masks.logic": "Логика",
    "axiom.editorui.window.target_info.targeted_block": "Насочен блок:",
    "axiom.editorui.window.tool_masks.mask_above": "По-горе",
    "axiom.editorui.window.tool_masks.mask_angle": "Ъгъл",
    "axiom.editorui.window.tool_masks.mask_inselection": "В селекцията",
    "axiom.editorui.window.tool_masks.mask_neighbor": "Съсед",
    "axiom.editorui.window.tool_masks.mask_below": "По-долу",
    "axiom.editorui.window.tool_masks.mask_block": "Блок",
    "axiom.editorui.window.tool_masks.mask_near": "Близо",
    "axiom.editorui.window.tool_masks.masks": "Маски",
    "axiom.editorui.window.tool_masks.mode": "Режим",
    "axiom.editorui.window.tool_options": "Опции на инструмента",
    "axiom.editorui.window.tool_options.no_active_tool": "Няма активен инструмент",
    "axiom.editorui.window.tools": "Инструменти",
    "axiom.editorui.window.world_properties": "Световните свойства",
    "axiom.editorui.window.world_properties.blocks": "Блокове",
    "axiom.editorui.window.world_properties.day": "Ден",
    "axiom.editorui.window.world_properties.freeze_time": "Спри часа",
    "axiom.editorui.window.world_properties.noon": "Обед",
    "axiom.editorui.window.world_properties.trample_farmland": "Утъпкване на обработваема земя",
    "axiom.editorui.window.world_properties.midnight": "Полунощ",
    "axiom.editorui.window.world_properties.night": "Нощ",
    "axiom.editorui.window.world_properties.player": "Играчи",
    "axiom.editorui.window.world_properties.time": "Часа",
    "axiom.editorui.window.world_properties.unavailable_description": "Сървърът не поддържа редактиране на световните свойства",
    "axiom.keybind": "Axiom",
    "axiom.keybind_capabilities": "Axiom (Възможности)",
    "axiom.keybind_categories.edit": "Редактиране",
    "axiom.keybind_categories.view": "Изглед",
    "axiom.keybinds.copy": "Копирай",
    "axiom.keybinds.cut": "Изрежи",
    "axiom.keybinds.move_backward": "Мръдни назад",
    "axiom.keybinds.move_down": "Мръдни надолу",
    "axiom.keybinds.move_left": "Мръдни наляво",
    "axiom.keybinds.move_right": "Мръдни надясно",
    "axiom.keybinds.move_up": "Мръдни нагоре",
    "axiom.keybinds.paste": "Постави",
    "axiom.keybinds.pick_block": "Вземи блок",
    "axiom.keybinds.move_forward": "Мръдни напред",
    "axiom.keybinds.quick_fill": "Бързо запълване",
    "axiom.keybinds.quick_fill.fill_with": "Напълни с...",
    "axiom.keybinds.quick_replace": "Бърза замяна",
    "axiom.keybinds.quick_replace.replace_from": "Замени (от)",
    "axiom.keybinds.quick_replace.replace_to": "Замени (с)",
    "axiom.keybinds.redo": "Върни",
    "axiom.tool.text.text_input": "Текст",
    "axiom.tool.text.text_size": "Размер",
    "axiom.tool.weld": "Заваряване",
    "axiom.tool.weld.strength": "Сила",
    "axiom.tutorial.continue": "Продължи",
    "axiom.widget.cancel": "Отказ",
    "axiom.widget.error": "Грешка",
    "axiom.widget.ok": "OK",
    "axiom.tool.text": "Текст",
    "axiom.widget.confirm": "Потвърди",
    "axiom.widget.remove_blueprint_tag": "Премахни",
    "axiom.widget.rename": "Преименувай",
    "axiom.widget.search_block": "Търсене"
}
